in/out/ambiguous,start_human,start_llm,end_human,end_llm,Transcript,story_seg_human,story_seg_llm,intersection,union
in,TRUE,TRUE,FALSE,FALSE,CHI: I hadta go to the laundromat though Wednesday night .,TRUE,TRUE,TRUE,TRUE
out,FALSE,FALSE,FALSE,FALSE,INV: oh tell me about it .,TRUE,TRUE,TRUE,TRUE
out,FALSE,FALSE,FALSE,FALSE,CHI: let's see,TRUE,TRUE,TRUE,TRUE
in,FALSE,FALSE,FALSE,TRUE,CHI: when we went to get the ice cream so I didn't want ice cream so I took the slush .,TRUE,TRUE,TRUE,TRUE
in,FALSE,TRUE,FALSE,FALSE,CHI: and then by the time I got done with that we (i)s [* m:a] halfway to the laundromat .,TRUE,TRUE,TRUE,TRUE
in,FALSE,FALSE,FALSE,FALSE,CHI: I went in there and I [//] my head started getting cold oh: froze .,TRUE,TRUE,TRUE,TRUE
out,FALSE,FALSE,FALSE,FALSE,INV: it froze ?,TRUE,TRUE,TRUE,TRUE
in,FALSE,FALSE,FALSE,TRUE,CHI: uhhuh .,TRUE,TRUE,TRUE,TRUE
in,FALSE,TRUE,FALSE,FALSE,CHI: I felt like I was going to +//.,TRUE,TRUE,TRUE,TRUE
in,FALSE,FALSE,FALSE,FALSE,CHI: I [//] &=imit:wind_blowing it was cold there .,TRUE,TRUE,TRUE,TRUE
out,FALSE,FALSE,FALSE,FALSE,CHI: about,TRUE,TRUE,TRUE,TRUE
out,FALSE,FALSE,FALSE,FALSE,INV: two thirty ?,TRUE,TRUE,TRUE,TRUE
in,FALSE,FALSE,FALSE,TRUE,CHI: with a bellyache .,TRUE,TRUE,TRUE,TRUE
out,FALSE,FALSE,FALSE,FALSE,INV: really ?,TRUE,FALSE,FALSE,TRUE
in,FALSE,TRUE,FALSE,FALSE,CHI: I don't think I done very good that night because I didn't eat a_lot .,TRUE,TRUE,TRUE,TRUE
out,FALSE,FALSE,FALSE,FALSE,INV: oh: .,TRUE,TRUE,TRUE,TRUE
out,FALSE,FALSE,FALSE,FALSE,CHI: I betcha I know what happened,TRUE,TRUE,TRUE,TRUE
out,FALSE,FALSE,FALSE,FALSE,INV: what ?,TRUE,TRUE,TRUE,TRUE
in,FALSE,FALSE,FALSE,FALSE,CHI: when I didn't eat enough my stomach got upset .,TRUE,TRUE,TRUE,TRUE
in,FALSE,FALSE,FALSE,TRUE,CHI: and <then I> [//] then we watched &-uh Walt_Disney last night .,TRUE,TRUE,TRUE,TRUE
in,FALSE,TRUE,FALSE,FALSE,CHI: then our friend came over just before it started and so they started talking and we couldn't hear nothing .,TRUE,TRUE,TRUE,TRUE
in,FALSE,FALSE,FALSE,TRUE,CHI: so <we had> [//] they had [//] left and I was glad of that .,TRUE,TRUE,TRUE,TRUE
in,FALSE,TRUE,TRUE,FALSE,CHI: right after Walt_Disney was over so I went in then we watched Mcmillan_And_Wife .,TRUE,TRUE,TRUE,TRUE
out,FALSE,FALSE,FALSE,FALSE,INV: what kind of games do you play ?,FALSE,TRUE,FALSE,TRUE
in,TRUE,FALSE,FALSE,TRUE,CHI: we's having fun the other night .,TRUE,TRUE,TRUE,TRUE
in,FALSE,TRUE,FALSE,FALSE,CHI: we's playing baseball last night at our cousin's .,TRUE,TRUE,TRUE,TRUE
in,FALSE,FALSE,FALSE,FALSE,CHI: my cousin came over ?,TRUE,TRUE,TRUE,TRUE
out,FALSE,FALSE,FALSE,FALSE,INV: yeah ?,TRUE,TRUE,TRUE,TRUE
in,FALSE,FALSE,FALSE,FALSE,CHI: so we had our next door neighbor play with us .,TRUE,TRUE,TRUE,TRUE
out,FALSE,FALSE,FALSE,FALSE,INV: uhhuh ?,TRUE,TRUE,TRUE,TRUE
in,FALSE,FALSE,FALSE,FALSE,CHI: and he started to get ready .,TRUE,TRUE,TRUE,TRUE
in,FALSE,FALSE,FALSE,FALSE,CHI: he's started throwing a ball fast .,TRUE,TRUE,TRUE,TRUE
in,FALSE,FALSE,FALSE,FALSE,CHI: so I was waiting for one of them fast balls and I knocked it [//] &~nnn the ball right out_of the [//] &-uh my front yard .,TRUE,TRUE,TRUE,TRUE
in,FALSE,FALSE,FALSE,FALSE,CHI: we's just playing .,TRUE,TRUE,TRUE,TRUE
in,FALSE,FALSE,FALSE,FALSE,CHI: then he thought I couldn't hit it because I kept on striking and then I finally hit it and his got as big as a tomato .,TRUE,TRUE,TRUE,TRUE
out,FALSE,FALSE,FALSE,FALSE,INV: big as a tomato ?,TRUE,TRUE,TRUE,TRUE
out,FALSE,FALSE,FALSE,FALSE,CHI: I think that was cool .,TRUE,TRUE,TRUE,TRUE
in,FALSE,FALSE,FALSE,TRUE,CHI: he went oh &=imit:puffing .,TRUE,TRUE,TRUE,TRUE
in,FALSE,TRUE,FALSE,FALSE,CHI: he laughed .,TRUE,TRUE,TRUE,TRUE
in,FALSE,FALSE,FALSE,FALSE,CHI: he thought that I wouldn't hit it and when I did hit it,TRUE,TRUE,TRUE,TRUE
out,FALSE,FALSE,FALSE,FALSE,CHI: I don't know .,TRUE,TRUE,TRUE,TRUE
in,FALSE,FALSE,FALSE,FALSE,CHI: he fell .,TRUE,TRUE,TRUE,TRUE
in,FALSE,FALSE,FALSE,FALSE,CHI: it must have hit him in the head because he fell .,TRUE,TRUE,TRUE,TRUE
out,FALSE,FALSE,FALSE,FALSE,INV: he fell ?,TRUE,TRUE,TRUE,TRUE
in,FALSE,FALSE,FALSE,FALSE,CHI: yeah .,TRUE,TRUE,TRUE,TRUE
in,FALSE,FALSE,FALSE,TRUE,CHI: it hit my cousin right in the head,TRUE,TRUE,TRUE,TRUE
out,FALSE,FALSE,FALSE,FALSE,INV: knocked him right out ?,TRUE,FALSE,FALSE,TRUE
in,FALSE,TRUE,FALSE,FALSE,CHI: knocked him right out cold .,TRUE,TRUE,TRUE,TRUE
in,FALSE,FALSE,FALSE,FALSE,CHI: (be)cause I must ha(ve) not +//.,TRUE,TRUE,TRUE,TRUE
in,FALSE,FALSE,FALSE,FALSE,CHI: I can't hit so well so when I got mad at people for throwing fast balls at me I just (..) pop them .,TRUE,TRUE,TRUE,TRUE
out,FALSE,FALSE,FALSE,FALSE,INV: you just pop them huh ?,TRUE,TRUE,TRUE,TRUE
in,FALSE,FALSE,FALSE,FALSE,CHI: uhhuh .,TRUE,TRUE,TRUE,TRUE
in,FALSE,FALSE,FALSE,TRUE,CHI: so Frankie got mad at me when I was throwing him fast balls .,TRUE,TRUE,TRUE,TRUE
in,FALSE,TRUE,FALSE,FALSE,CHI: and [/] and I had just threw a fast ball and he had hit it and it almost hit me in the head .,TRUE,TRUE,TRUE,TRUE
in,FALSE,FALSE,FALSE,TRUE,CHI: I ducked and here it come after my cousin John so he got hit in the head again .,TRUE,TRUE,TRUE,TRUE
out,FALSE,FALSE,FALSE,FALSE,INV: he got hit in the head again ?,TRUE,FALSE,FALSE,TRUE
in,FALSE,TRUE,FALSE,FALSE,CHI: twice in a row .,TRUE,TRUE,TRUE,TRUE
in,FALSE,FALSE,FALSE,TRUE,CHI: I was hit five times .,TRUE,TRUE,TRUE,TRUE
in,FALSE,TRUE,FALSE,FALSE,CHI: I was &~uhh catcher and I raised up a +//.,TRUE,TRUE,TRUE,TRUE
in,FALSE,FALSE,FALSE,FALSE,CHI: but he got a fast ball and threw that fast ball right in the air and hit me right in the nose .,TRUE,TRUE,TRUE,TRUE
out,FALSE,FALSE,FALSE,FALSE,INV: oh: .,TRUE,TRUE,TRUE,TRUE
in,FALSE,FALSE,FALSE,FALSE,CHI: I almost had a bloody nose .,TRUE,TRUE,TRUE,TRUE
in,FALSE,FALSE,FALSE,FALSE,CHI: I thought it'd get bloody .,TRUE,TRUE,TRUE,TRUE
in,FALSE,FALSE,FALSE,TRUE,CHI: every time I get hit in the nose I don't get a bloody nose .,TRUE,TRUE,TRUE,TRUE
in,FALSE,TRUE,FALSE,FALSE,CHI: all I get is a runny nose .,TRUE,TRUE,TRUE,TRUE
in,FALSE,FALSE,TRUE,TRUE,CHI: I gave Jimmy one and he got me and he went oh: give me a bear hug and I went boom,TRUE,TRUE,TRUE,TRUE
out,FALSE,FALSE,FALSE,FALSE,INV: was his nose right in your head ?,FALSE,FALSE,FALSE,FALSE
out,FALSE,FALSE,FALSE,FALSE,CHI: yeah .,FALSE,FALSE,FALSE,FALSE
out,FALSE,FALSE,FALSE,FALSE,INV: uhhuh .,FALSE,FALSE,FALSE,FALSE
out,FALSE,FALSE,FALSE,FALSE,CHI: see,FALSE,FALSE,FALSE,FALSE
out,FALSE,FALSE,FALSE,FALSE,INV: what other games have you played ?,FALSE,FALSE,FALSE,FALSE
out,FALSE,FALSE,FALSE,FALSE,CHI: &-um huh .,FALSE,FALSE,FALSE,FALSE
in,TRUE,TRUE,FALSE,FALSE,CHI: we was [* m:a] playing basketball and the basketball hit me in the nose right there and it had mud on it .,TRUE,TRUE,TRUE,TRUE
in,FALSE,FALSE,FALSE,TRUE,CHI: and my uncle was plain mad .,TRUE,TRUE,TRUE,TRUE
in,FALSE,TRUE,FALSE,FALSE,"CHI: I hadta go in and wash it off and I came in and my grandma screamed and she said +""/.",TRUE,TRUE,TRUE,TRUE
in,FALSE,FALSE,FALSE,FALSE,"CHI: +"" what happened to you ?",TRUE,TRUE,TRUE,TRUE
in,FALSE,FALSE,FALSE,TRUE,CHI: and I said Dwight just threw the ball in my face .,TRUE,TRUE,TRUE,TRUE
in,FALSE,TRUE,FALSE,FALSE,CHI: and he said he didn't mean to but he just threw it and it hit my nose .,TRUE,TRUE,TRUE,TRUE
out,FALSE,FALSE,FALSE,FALSE,INV: uhhuh .,TRUE,TRUE,TRUE,TRUE
in,FALSE,FALSE,FALSE,TRUE,CHI: she got all excited .,TRUE,TRUE,TRUE,TRUE
in,FALSE,TRUE,FALSE,FALSE,CHI: she jumped up and down .,TRUE,TRUE,TRUE,TRUE
in,FALSE,FALSE,FALSE,TRUE,"CHI: she said +""/.",TRUE,TRUE,TRUE,TRUE
in,FALSE,TRUE,FALSE,FALSE,"CHI: +"" oh get a washcloth",TRUE,TRUE,TRUE,TRUE
in,FALSE,FALSE,FALSE,TRUE,CHI: she thought I was gonna die or something .,TRUE,TRUE,TRUE,TRUE
out,FALSE,FALSE,FALSE,FALSE,INV: she thought you were gonna die or something huh ?,TRUE,FALSE,FALSE,TRUE
in,FALSE,TRUE,FALSE,FALSE,CHI: uhhuh .,TRUE,TRUE,TRUE,TRUE
in,FALSE,FALSE,TRUE,TRUE,CHI: she does that .,TRUE,TRUE,TRUE,TRUE
out,FALSE,FALSE,FALSE,FALSE,INV: have you ever spilled anything ?,FALSE,FALSE,FALSE,FALSE
out,TRUE,FALSE,FALSE,FALSE,CHI: that's what happened last year .,TRUE,FALSE,FALSE,TRUE
in,FALSE,TRUE,FALSE,FALSE,CHI: I looked right at it and I got it .,TRUE,TRUE,TRUE,TRUE
out,FALSE,FALSE,FALSE,FALSE,INV: oh really ?,TRUE,TRUE,TRUE,TRUE
out,FALSE,FALSE,FALSE,FALSE,INV: tell me about it .,TRUE,TRUE,TRUE,TRUE
in,FALSE,FALSE,FALSE,TRUE,CHI: see I was painting and the glue wouldn't come off .,TRUE,TRUE,TRUE,TRUE
in,FALSE,TRUE,FALSE,FALSE,CHI: so I got mad at it and I threw the bottle .,TRUE,TRUE,TRUE,TRUE
in,FALSE,FALSE,FALSE,FALSE,CHI: and I went to pick it up .,TRUE,TRUE,TRUE,TRUE
in,FALSE,FALSE,FALSE,TRUE,CHI: and I looked into it and I tried to squirt it and I got it right in the face .,TRUE,TRUE,TRUE,TRUE
in,FALSE,TRUE,FALSE,FALSE,CHI: my teacher asked me what happened and I told her that &~ah: <the ball> [//] &-uh the glue had got me in the face .,TRUE,TRUE,TRUE,TRUE
in,FALSE,FALSE,FALSE,TRUE,"CHI: and she had laughed at me and I said +""/.",TRUE,TRUE,TRUE,TRUE
in,FALSE,TRUE,FALSE,FALSE,"CHI: +"" that ain't funny .",TRUE,TRUE,TRUE,TRUE
in,FALSE,FALSE,FALSE,TRUE,"CHI: +"" what if you got it in your face ?",TRUE,TRUE,TRUE,TRUE
in,FALSE,TRUE,FALSE,FALSE,"CHI: and she said +""/.",TRUE,TRUE,TRUE,TRUE
in,FALSE,FALSE,FALSE,TRUE,"CHI: +"" I'd cry .",TRUE,TRUE,TRUE,TRUE
in,FALSE,TRUE,FALSE,FALSE,"CHI: but I said +""/.",TRUE,TRUE,TRUE,TRUE
in,FALSE,FALSE,FALSE,TRUE,"CHI: +"" I'm not a bawl baby &=vocalizes .",TRUE,TRUE,TRUE,TRUE
in,FALSE,TRUE,TRUE,FALSE,CHI: I got mad too .,TRUE,TRUE,TRUE,TRUE
in,FALSE,FALSE,FALSE,FALSE,CHI: I ain't a very good painter .,FALSE,TRUE,FALSE,TRUE
out,FALSE,FALSE,FALSE,FALSE,INV: you're not ?,FALSE,TRUE,FALSE,TRUE
out,FALSE,FALSE,FALSE,FALSE,INV: I think it looks pretty neat .,FALSE,TRUE,FALSE,TRUE
in,FALSE,FALSE,FALSE,FALSE,CHI: I can't get it right .,FALSE,TRUE,FALSE,TRUE
out,FALSE,FALSE,FALSE,FALSE,INV: ah .,FALSE,TRUE,FALSE,TRUE
in,FALSE,FALSE,FALSE,FALSE,CHI: because my fingers +...,FALSE,TRUE,FALSE,TRUE
out,FALSE,FALSE,FALSE,FALSE,INV: what do they ?,FALSE,TRUE,FALSE,TRUE
in,FALSE,FALSE,FALSE,TRUE,CHI: they hurt .,FALSE,TRUE,FALSE,TRUE
out,FALSE,FALSE,FALSE,FALSE,INV: oh: .,FALSE,FALSE,FALSE,FALSE
out,FALSE,FALSE,FALSE,FALSE,INV: what happened ?,FALSE,FALSE,FALSE,FALSE
in,FALSE,TRUE,FALSE,FALSE,CHI: well I was catching a baseball hard ball without a glove and they bended clean back .,FALSE,TRUE,FALSE,TRUE
out,FALSE,FALSE,FALSE,FALSE,INV: oh: .,FALSE,TRUE,FALSE,TRUE
in,FALSE,FALSE,TRUE,FALSE,CHI: I thought a_lot I broke all my fingers and my wrist had bent back .,FALSE,TRUE,FALSE,TRUE
out,FALSE,FALSE,FALSE,FALSE,INV: do you ever fight ?,FALSE,TRUE,FALSE,TRUE
in,TRUE,FALSE,FALSE,TRUE,CHI: and that David Lastname he's a scaredy cat +...,TRUE,TRUE,TRUE,TRUE
in,FALSE,TRUE,FALSE,FALSE,"CHI: he thought I was gonna hit him and I just swung my hand down and I thought +""/.",TRUE,TRUE,TRUE,TRUE
in,FALSE,FALSE,FALSE,FALSE,"CHI: +"" I'll hafta teach him how to fight .",TRUE,TRUE,TRUE,TRUE
in,FALSE,FALSE,FALSE,FALSE,CHI: so I taught him how to fight &~wh when somebody's going to hit him in the head .,TRUE,TRUE,TRUE,TRUE
in,FALSE,FALSE,FALSE,FALSE,CHI: just duck down and when their arm gets around just grab it and put it behind your back .,TRUE,TRUE,TRUE,TRUE
in,FALSE,FALSE,FALSE,FALSE,CHI: that will make them quit .,TRUE,TRUE,TRUE,TRUE
out,FALSE,FALSE,FALSE,FALSE,INV: oh .,TRUE,TRUE,TRUE,TRUE
in,FALSE,FALSE,FALSE,FALSE,CHI: that's what happened to me .,TRUE,TRUE,TRUE,TRUE
in,FALSE,FALSE,TRUE,TRUE,CHI: I made people quit for doing that twice .,TRUE,TRUE,TRUE,TRUE
out,FALSE,FALSE,FALSE,FALSE,INV: have you had any other fights ?,FALSE,FALSE,FALSE,FALSE
in,TRUE,TRUE,FALSE,FALSE,CHI: one guy last week Fred Lastname .,TRUE,TRUE,TRUE,TRUE
in,FALSE,FALSE,FALSE,TRUE,"CHI: when I was in listening xxx and so Timmy had come over and he said +""/.",TRUE,TRUE,TRUE,TRUE
in,FALSE,TRUE,FALSE,FALSE,"CHI: +"" you'd better leave him alone .",TRUE,TRUE,TRUE,TRUE
in,FALSE,FALSE,FALSE,TRUE,CHI: (be)cause I was just new in school .,TRUE,TRUE,TRUE,TRUE
in,FALSE,TRUE,FALSE,FALSE,CHI: so next day he got mad at me again and started at me .,TRUE,TRUE,TRUE,TRUE
in,FALSE,FALSE,FALSE,FALSE,CHI: so he just swung it on around and he hit me in the face .,TRUE,TRUE,TRUE,TRUE
in,FALSE,FALSE,FALSE,FALSE,CHI: and I thought for sure that I would kill him (be)cause I get mad when people hit me .,TRUE,TRUE,TRUE,TRUE
out,FALSE,FALSE,FALSE,FALSE,INV: uhhuh .,TRUE,TRUE,TRUE,TRUE
in,FALSE,FALSE,FALSE,FALSE,CHI: so he came at me and tried to hit me again .,TRUE,TRUE,TRUE,TRUE
in,FALSE,FALSE,TRUE,TRUE,CHI: so I hadta flip him because my uncle teaches me a_lot_of baseball tricks,TRUE,TRUE,TRUE,TRUE
in,TRUE,TRUE,FALSE,FALSE,CHI: we was playing kickball today .,TRUE,TRUE,TRUE,TRUE
out,FALSE,FALSE,FALSE,FALSE,CHI: you know what happened ?,TRUE,TRUE,TRUE,TRUE
in,FALSE,FALSE,FALSE,FALSE,CHI: they rolled &~a me one and I kicked it and I hurt my foot .,TRUE,TRUE,TRUE,TRUE
in,FALSE,FALSE,FALSE,FALSE,CHI: see I kicked it like that and the ball,TRUE,TRUE,TRUE,TRUE
in,FALSE,FALSE,FALSE,TRUE,CHI: oh and I fell and he was going to throw it at me after I fell (be)cause I hurt my hand .,TRUE,TRUE,TRUE,TRUE
in,FALSE,TRUE,FALSE,FALSE,CHI: and he thought I wasn't going to make it to first so he threw it to second (be)cause I was going to second after I made it to first .,TRUE,TRUE,TRUE,TRUE
in,FALSE,FALSE,FALSE,TRUE,CHI: and so the ball missed second and the kids hadta run after it so they threw it to third and they didn't get it .,TRUE,TRUE,TRUE,TRUE
in,FALSE,TRUE,FALSE,FALSE,CHI: so I went on third and they threw it to home and home didn't get it and then I went to home .,TRUE,TRUE,TRUE,TRUE
in,FALSE,FALSE,FALSE,TRUE,CHI: there's one ball I kicked in here that it came right up to the pitcher and throw it to first .,TRUE,TRUE,TRUE,TRUE
in,FALSE,TRUE,FALSE,FALSE,CHI: and I was clear on second and then they threw it to second and I was clear on third .,TRUE,TRUE,TRUE,TRUE
in,FALSE,FALSE,FALSE,TRUE,CHI: oh: the dingbats,TRUE,TRUE,TRUE,TRUE
in,FALSE,TRUE,FALSE,FALSE,CHI: they try to do everything .,TRUE,TRUE,TRUE,TRUE
in,FALSE,FALSE,TRUE,FALSE,CHI: they think [!] they're bigshots .,TRUE,TRUE,TRUE,TRUE
out,FALSE,FALSE,FALSE,FALSE,INV: have you ever had a shot ?,FALSE,TRUE,FALSE,TRUE
in,TRUE,FALSE,FALSE,TRUE,CHI: one time I hadta wait five hours <just to go see> [//] just to go get a shot .,TRUE,TRUE,TRUE,TRUE
out,FALSE,FALSE,FALSE,FALSE,INV: uhhuh .,TRUE,FALSE,FALSE,TRUE
in,FALSE,TRUE,FALSE,FALSE,CHI: oh I thought for sure he was going to stick me with a needle .,TRUE,TRUE,TRUE,TRUE
in,FALSE,FALSE,FALSE,TRUE,"CHI: I told Mommy +""/.",TRUE,TRUE,TRUE,TRUE
in,FALSE,TRUE,FALSE,FALSE,"CHI: +"" no: I don't wanna go in there .",TRUE,TRUE,TRUE,TRUE
in,FALSE,FALSE,FALSE,FALSE,CHI: they hadta take two nurses to drag me in .,TRUE,TRUE,TRUE,TRUE
out,FALSE,FALSE,FALSE,FALSE,INV: they hadta take two nurses to drag you in ?,TRUE,TRUE,TRUE,TRUE
in,FALSE,FALSE,FALSE,FALSE,CHI: two of them .,TRUE,TRUE,TRUE,TRUE
out,FALSE,FALSE,FALSE,FALSE,INV: uhhuh .,TRUE,TRUE,TRUE,TRUE
in,FALSE,FALSE,FALSE,TRUE,"CHI: my mommy got mad at me and she said +""/.",TRUE,TRUE,TRUE,TRUE
in,FALSE,TRUE,FALSE,FALSE,"CHI: +"" you won't get no allow^ance if you go in there .",TRUE,TRUE,TRUE,TRUE
in,FALSE,FALSE,FALSE,FALSE,"CHI: and I said +""/.",TRUE,TRUE,TRUE,TRUE
in,FALSE,FALSE,FALSE,TRUE,"CHI: +"" how much will my allow^ance be ?",TRUE,TRUE,TRUE,TRUE
in,FALSE,TRUE,FALSE,FALSE,"CHI: and she said +""/.",TRUE,TRUE,TRUE,TRUE
in,FALSE,FALSE,FALSE,TRUE,"CHI: +"" ten dollars .",TRUE,TRUE,TRUE,TRUE
in,FALSE,TRUE,FALSE,FALSE,CHI: so I went in there .,TRUE,TRUE,TRUE,TRUE
in,FALSE,FALSE,TRUE,TRUE,CHI: ten dollars is a_lot_of money when you're little .,TRUE,TRUE,TRUE,TRUE
in,TRUE,TRUE,FALSE,FALSE,CHI: when my mom was little they couldn't get a_lot (be)cause they just couldn't do a_lot .,TRUE,TRUE,TRUE,TRUE
in,FALSE,FALSE,FALSE,TRUE,CHI: my grandma couldn't work .,TRUE,TRUE,TRUE,TRUE
in,FALSE,TRUE,FALSE,FALSE,CHI: my mama,TRUE,TRUE,TRUE,TRUE
in,FALSE,FALSE,FALSE,FALSE,CHI: her eyes are bad .,TRUE,TRUE,TRUE,TRUE
in,FALSE,FALSE,FALSE,FALSE,CHI: she's getting worse .,TRUE,TRUE,TRUE,TRUE
out,FALSE,FALSE,FALSE,FALSE,INV: oh dear .,TRUE,TRUE,TRUE,TRUE
in,FALSE,FALSE,FALSE,FALSE,CHI: we're hoping she gets better before Christmas (be)cause we wanna go see her after schools out .,TRUE,TRUE,TRUE,TRUE
in,FALSE,FALSE,TRUE,TRUE,CHI: she's in Kentucky .,TRUE,TRUE,TRUE,TRUE
out,FALSE,FALSE,FALSE,FALSE,INV: have you ever been on a trip ?,FALSE,FALSE,FALSE,FALSE
in,TRUE,TRUE,FALSE,FALSE,CHI: well when I went to Kentucky we as +//.,TRUE,TRUE,TRUE,TRUE
in,FALSE,FALSE,FALSE,FALSE,CHI: down there we had left in the morning +//.,TRUE,TRUE,TRUE,TRUE
in,FALSE,FALSE,FALSE,FALSE,CHI: no not morning .,TRUE,TRUE,TRUE,TRUE
in,FALSE,FALSE,FALSE,TRUE,CHI: in the afternoon around five .,TRUE,TRUE,TRUE,TRUE
in,FALSE,TRUE,FALSE,FALSE,CHI: we got there around midnight .,TRUE,TRUE,TRUE,TRUE
in,FALSE,FALSE,FALSE,FALSE,CHI: so I was asleep in the car and they woke me up and I went inside .,TRUE,TRUE,TRUE,TRUE
in,FALSE,FALSE,FALSE,TRUE,CHI: and I was sitting on a chair and had not arms and I started to lean over it and a [/] a [//] Chuck caught me (be)cause I almost fell .,TRUE,TRUE,TRUE,TRUE
in,FALSE,TRUE,FALSE,FALSE,CHI: he's my uncle .,TRUE,TRUE,TRUE,TRUE
in,FALSE,FALSE,FALSE,TRUE,CHI: so I went to bed with Robert .,TRUE,TRUE,TRUE,TRUE
in,FALSE,TRUE,FALSE,FALSE,CHI: he's my cousin .,TRUE,TRUE,TRUE,TRUE
in,FALSE,FALSE,FALSE,TRUE,"CHI: and I said +""/.",TRUE,TRUE,TRUE,TRUE
in,FALSE,TRUE,FALSE,FALSE,"CHI: +"" hi Robert .",TRUE,TRUE,TRUE,TRUE
in,FALSE,FALSE,FALSE,TRUE,"CHI: he said +""/.",TRUE,TRUE,TRUE,TRUE
in,FALSE,TRUE,FALSE,FALSE,"CHI: +"" hello .",TRUE,TRUE,TRUE,TRUE
in,FALSE,FALSE,FALSE,TRUE,"CHI: he said +""/.",TRUE,TRUE,TRUE,TRUE
in,FALSE,TRUE,FALSE,FALSE,"CHI: +"" hey what're you doing here ?",TRUE,TRUE,TRUE,TRUE
in,FALSE,FALSE,FALSE,TRUE,"CHI: and I said +""/.",TRUE,TRUE,TRUE,TRUE
in,FALSE,TRUE,FALSE,FALSE,"CHI: +"" I come down to visit .",TRUE,TRUE,TRUE,TRUE
in,FALSE,FALSE,FALSE,TRUE,"CHI: <he said> [//] and he asked me if I had walked and I said +""/.",TRUE,TRUE,TRUE,TRUE
in,FALSE,TRUE,FALSE,FALSE,"CHI: +"" yes .",TRUE,TRUE,TRUE,TRUE
in,FALSE,FALSE,FALSE,TRUE,"CHI: and he said +""/.",TRUE,TRUE,TRUE,TRUE
in,FALSE,TRUE,FALSE,FALSE,"CHI: +"" you couldn't walk that far .",TRUE,TRUE,TRUE,TRUE
in,FALSE,FALSE,FALSE,FALSE,CHI: and I told him I didn't .,TRUE,TRUE,TRUE,TRUE
in,FALSE,FALSE,FALSE,FALSE,CHI: you know how I +//.,TRUE,TRUE,TRUE,TRUE
in,FALSE,FALSE,FALSE,TRUE,CHI: and did I in the back +//.,TRUE,TRUE,TRUE,TRUE
in,FALSE,TRUE,FALSE,FALSE,CHI: see I had went there to sleep on the floor because we had curled up sweets [//] seats .,TRUE,TRUE,TRUE,TRUE
in,FALSE,FALSE,FALSE,FALSE,CHI: and then we went out to go to the restroom .,TRUE,TRUE,TRUE,TRUE
in,FALSE,FALSE,FALSE,TRUE,CHI: so I didn't go out and I xxx .,TRUE,TRUE,TRUE,TRUE
in,FALSE,TRUE,FALSE,FALSE,CHI: and they thought I got out <and they shut> [/] and they shut them seats down on me and I just sleeping like a baby .,TRUE,TRUE,TRUE,TRUE
in,FALSE,FALSE,FALSE,FALSE,"CHI: and I just woke up and it was dark and I said +""/.",TRUE,TRUE,TRUE,TRUE
in,FALSE,FALSE,FALSE,FALSE,"CHI: +"" let me out !",TRUE,TRUE,TRUE,TRUE
in,FALSE,FALSE,FALSE,FALSE,"CHI: +"" let me out !",TRUE,TRUE,TRUE,TRUE
in,FALSE,FALSE,FALSE,TRUE,CHI: let's see my cousin,TRUE,TRUE,TRUE,TRUE
in,FALSE,TRUE,FALSE,FALSE,CHI: but James had come in there with me after they went to the restroom so we's down there as a said someone's in here with me .,TRUE,TRUE,TRUE,TRUE
in,FALSE,FALSE,FALSE,FALSE,"CHI: he goes +""/.",TRUE,TRUE,TRUE,TRUE
in,FALSE,FALSE,FALSE,TRUE,"CHI: +"" ahhah a Boogerman's got me .",TRUE,TRUE,TRUE,TRUE
in,FALSE,TRUE,FALSE,FALSE,"CHI: and I said +""/.",TRUE,TRUE,TRUE,TRUE
in,FALSE,FALSE,FALSE,TRUE,"CHI: +"" James are you down there ?",TRUE,TRUE,TRUE,TRUE
in,FALSE,TRUE,FALSE,FALSE,"CHI: and he said +""/.",TRUE,TRUE,TRUE,TRUE
in,FALSE,FALSE,FALSE,FALSE,"CHI: +"" yes .",TRUE,TRUE,TRUE,TRUE
in,FALSE,FALSE,FALSE,TRUE,"CHI: and he said the Boogerman got me and I said +""/.",TRUE,TRUE,TRUE,TRUE
in,FALSE,TRUE,FALSE,FALSE,"CHI: +"" no he didn't .",TRUE,TRUE,TRUE,TRUE
in,FALSE,FALSE,FALSE,TRUE,"CHI: I said +""/.",TRUE,TRUE,TRUE,TRUE
in,FALSE,TRUE,FALSE,FALSE,"CHI: +"" we hafta get out_of here .",TRUE,TRUE,TRUE,TRUE
in,FALSE,FALSE,FALSE,TRUE,CHI: <and some> [//] and so Dad went into Mama's house after they got here and we was pounding boom boom boom .,TRUE,TRUE,TRUE,TRUE
in,FALSE,TRUE,FALSE,FALSE,CHI: I [//] so we hadta sleep there for the rest of the night .,TRUE,TRUE,TRUE,TRUE
in,FALSE,FALSE,FALSE,FALSE,CHI: and then that's when I slept down at Aunt_Frieda's and she had owned the store .,TRUE,TRUE,TRUE,TRUE
in,FALSE,FALSE,FALSE,TRUE,CHI: and we went down there and I bought a_lot_of balloons and &~ah I bought one firecracker .,TRUE,TRUE,TRUE,TRUE
in,FALSE,TRUE,FALSE,FALSE,CHI: then we saw a_lot_of lizards and they was [* m:a] coming at us .,TRUE,TRUE,TRUE,TRUE
in,FALSE,FALSE,FALSE,FALSE,CHI: they was [* m:a] about that big and I lit the firecracker and I threw it at them and one lizard just stepped on one and went bang .,TRUE,TRUE,TRUE,TRUE
out,FALSE,FALSE,FALSE,FALSE,CHI: oh: &=giggles .,TRUE,TRUE,TRUE,TRUE
out,FALSE,FALSE,FALSE,FALSE,INV: uhhuh .,TRUE,TRUE,TRUE,TRUE
in,FALSE,FALSE,FALSE,TRUE,CHI: and them girls was [* m:a] looking at it and they screamed .,TRUE,TRUE,TRUE,TRUE
in,FALSE,TRUE,FALSE,FALSE,CHI: they about screamed .,TRUE,TRUE,TRUE,TRUE
in,FALSE,FALSE,FALSE,FALSE,CHI: I don't know what happened after that .,TRUE,TRUE,TRUE,TRUE
in,FALSE,FALSE,FALSE,TRUE,CHI: all I know is that I fainted .,TRUE,TRUE,TRUE,TRUE
out,FALSE,FALSE,FALSE,FALSE,INV: &-um: you fainted ?,TRUE,FALSE,FALSE,TRUE
in,FALSE,TRUE,FALSE,FALSE,CHI: uhhuh see its head laying way over there and its body laying way over here .,TRUE,TRUE,TRUE,TRUE
in,FALSE,FALSE,FALSE,FALSE,CHI: I felt like a man that just blowed [: blew] [* m:=ed] somebody's head off .,TRUE,TRUE,TRUE,TRUE
in,FALSE,FALSE,TRUE,FALSE,CHI: boo:m it's weird .,TRUE,TRUE,TRUE,TRUE
out,FALSE,FALSE,FALSE,FALSE,INV: what else happened at Aunt_Frieda's ?,FALSE,TRUE,FALSE,TRUE
in,TRUE,FALSE,FALSE,TRUE,CHI: went down and stayed rest of the night with Aunt_Frieda and then we went to church the next day .,TRUE,TRUE,TRUE,TRUE
in,FALSE,TRUE,FALSE,FALSE,CHI: we was [* m:a] getting ready to go and so we went back down to the store after that [/] that .,TRUE,TRUE,TRUE,TRUE
in,FALSE,FALSE,FALSE,TRUE,CHI: and we had Aunt_Frieda and &~a:h Aunt_Laura and Mommy in a row and they was [* m:a] taking pictures .,TRUE,TRUE,TRUE,TRUE
in,FALSE,TRUE,FALSE,FALSE,CHI: Mommy had a picture of her and we [//] &~a after they [/] they had saw it,TRUE,TRUE,TRUE,TRUE
in,FALSE,FALSE,FALSE,FALSE,CHI: and then we went down to Mama's house and we said goodbye to everyone .,TRUE,TRUE,TRUE,TRUE
in,FALSE,FALSE,FALSE,TRUE,CHI: and then finally I went out and fed the chickens before we left and got a few eggs .,TRUE,TRUE,TRUE,TRUE
out,FALSE,FALSE,FALSE,FALSE,CHI: that's all .,TRUE,FALSE,FALSE,TRUE
in,FALSE,TRUE,TRUE,FALSE,CHI: and then I went down and saw some kind of snake and I ran and ran and ran and oh: .,TRUE,TRUE,TRUE,TRUE
in,TRUE,FALSE,FALSE,TRUE,CHI: one time I didn't even know I was handling a poisonous snake .,TRUE,TRUE,TRUE,TRUE
in,FALSE,TRUE,FALSE,FALSE,CHI: a water snake .,TRUE,TRUE,TRUE,TRUE
in,FALSE,FALSE,FALSE,FALSE,CHI: they're poison kind_of .,TRUE,TRUE,TRUE,TRUE
in,FALSE,FALSE,FALSE,FALSE,"CHI: oh: I picked one up and I thought +""/.",TRUE,TRUE,TRUE,TRUE
in,FALSE,FALSE,FALSE,FALSE,"CHI: +"" what could a water snake be ?",TRUE,TRUE,TRUE,TRUE
in,FALSE,FALSE,FALSE,FALSE,CHI: and I just had put it in a cage .,TRUE,TRUE,TRUE,TRUE
in,FALSE,FALSE,FALSE,FALSE,"CHI: and I was looking through this snake book and I read that water snakes are poisonous and I said [//] thought +""/.",TRUE,TRUE,TRUE,TRUE
in,FALSE,FALSE,FALSE,TRUE,"CHI: +"" oh: I lifted a poison snake up .",TRUE,TRUE,TRUE,TRUE
in,FALSE,TRUE,FALSE,FALSE,"CHI: and my mom came out there and she said +""/.",TRUE,TRUE,TRUE,TRUE
in,FALSE,FALSE,FALSE,TRUE,"CHI: +"" what happened ?",TRUE,TRUE,TRUE,TRUE
in,FALSE,TRUE,FALSE,FALSE,"CHI: and I said +""/.",TRUE,TRUE,TRUE,TRUE
in,FALSE,FALSE,FALSE,TRUE,"CHI: +"" I lifted a poison snake up .",TRUE,TRUE,TRUE,TRUE
in,FALSE,TRUE,FALSE,FALSE,"CHI: she said +""/.",TRUE,TRUE,TRUE,TRUE
in,FALSE,FALSE,FALSE,FALSE,"CHI: +"" you did ?",TRUE,TRUE,TRUE,TRUE
in,FALSE,FALSE,FALSE,TRUE,"CHI: +"" what a surprise !",TRUE,TRUE,TRUE,TRUE
in,FALSE,TRUE,FALSE,FALSE,CHI: and I showed her that snake .,TRUE,TRUE,TRUE,TRUE
in,FALSE,FALSE,FALSE,TRUE,"CHI: she went +""/.",TRUE,TRUE,TRUE,TRUE
in,FALSE,TRUE,FALSE,FALSE,"CHI: +"" argh snake !",TRUE,TRUE,TRUE,TRUE
in,FALSE,FALSE,FALSE,TRUE,"CHI: +"" throw it back in the water .",TRUE,TRUE,TRUE,TRUE
in,FALSE,TRUE,TRUE,FALSE,CHI: we have a stream in our garden .,TRUE,TRUE,TRUE,TRUE
out,FALSE,FALSE,FALSE,FALSE,INV: what else lives in your garden ?,FALSE,TRUE,FALSE,TRUE
in,TRUE,FALSE,FALSE,TRUE,CHI: crawfish is about that long after they're full grown .,TRUE,TRUE,TRUE,TRUE
out,FALSE,FALSE,FALSE,FALSE,INV: really ?,TRUE,FALSE,FALSE,TRUE
in,FALSE,TRUE,FALSE,FALSE,CHI: uhhuh .,TRUE,TRUE,TRUE,TRUE
in,FALSE,FALSE,FALSE,TRUE,CHI: I've picked a full grown one up once it wasn't about full grown about that long and I looked at it,TRUE,TRUE,TRUE,TRUE
in,FALSE,TRUE,FALSE,FALSE,"CHI: +"" get [!] moving .",TRUE,TRUE,TRUE,TRUE
in,FALSE,FALSE,TRUE,FALSE,CHI: and it wouldn't move and I picked up a stick and it went shh:@o .,TRUE,TRUE,TRUE,TRUE
out,FALSE,FALSE,FALSE,FALSE,INV: have you ever been to a hospital ?,FALSE,TRUE,FALSE,TRUE
in,TRUE,FALSE,FALSE,TRUE,CHI: you see one of them white marks there ?,TRUE,TRUE,TRUE,TRUE
in,FALSE,TRUE,FALSE,FALSE,CHI: that's where I cut my chin open .,TRUE,TRUE,TRUE,TRUE
out,FALSE,FALSE,FALSE,FALSE,INV: tell me about it .,TRUE,TRUE,TRUE,TRUE
in,FALSE,FALSE,FALSE,TRUE,CHI: <I was> [//] I had this box of xxx and I was running down the hall and there was this +...,TRUE,TRUE,TRUE,TRUE
in,FALSE,TRUE,FALSE,FALSE,CHI: you know that thing,TRUE,TRUE,TRUE,TRUE
in,FALSE,FALSE,FALSE,TRUE,CHI: the boxes hit that and I went flying and I hit a knife .,TRUE,TRUE,TRUE,TRUE
out,FALSE,FALSE,FALSE,FALSE,INV: you hit a knife ?,TRUE,FALSE,FALSE,TRUE
in,FALSE,TRUE,FALSE,FALSE,CHI: a knife .,TRUE,TRUE,TRUE,TRUE
in,FALSE,FALSE,FALSE,FALSE,CHI: it was laying on the floor .,TRUE,TRUE,TRUE,TRUE
in,FALSE,FALSE,FALSE,FALSE,CHI: my ma was getting ready to pick it up and I go schooom@o .,TRUE,TRUE,TRUE,TRUE
in,FALSE,FALSE,FALSE,TRUE,CHI: cut myself three times .,TRUE,TRUE,TRUE,TRUE
out,FALSE,FALSE,FALSE,FALSE,INV: cut yourself three times ?,TRUE,FALSE,FALSE,TRUE
in,FALSE,TRUE,FALSE,FALSE,CHI: right here once .,TRUE,TRUE,TRUE,TRUE
in,FALSE,FALSE,FALSE,FALSE,CHI: and I started to move and it went over again and I lifted it up .,TRUE,TRUE,TRUE,TRUE
in,FALSE,FALSE,FALSE,TRUE,CHI: and my sister stepped on my head and she didn't know it .,TRUE,TRUE,TRUE,TRUE
in,FALSE,TRUE,FALSE,FALSE,CHI: and I ran down there and cut myself right there .,TRUE,TRUE,TRUE,TRUE
in,FALSE,FALSE,FALSE,TRUE,"CHI: I was holding it and I said +""/.",TRUE,TRUE,TRUE,TRUE
in,FALSE,TRUE,FALSE,FALSE,"CHI: +"" oh hurry hurry hurry !",TRUE,TRUE,TRUE,TRUE
in,FALSE,FALSE,FALSE,TRUE,CHI: so we went to the &~lo &-uh Elyria_Memorial_Hospital and we went into the side by +//.,TRUE,TRUE,TRUE,TRUE
in,FALSE,TRUE,FALSE,FALSE,CHI: and they started putting stitches in .,TRUE,TRUE,TRUE,TRUE
in,FALSE,FALSE,FALSE,FALSE,CHI: and I didn't even know it .,TRUE,TRUE,TRUE,TRUE
in,FALSE,FALSE,FALSE,FALSE,CHI: I was asleep .,TRUE,TRUE,TRUE,TRUE
in,FALSE,FALSE,FALSE,FALSE,CHI: I went to sleep and I woke up and I was at home and I had stitches there sticking out .,TRUE,TRUE,TRUE,TRUE
in,FALSE,FALSE,FALSE,TRUE,CHI: I had five over here I think .,TRUE,TRUE,TRUE,TRUE
in,FALSE,TRUE,FALSE,FALSE,CHI: I don't know where them cuts are but I know I had five,TRUE,TRUE,TRUE,TRUE
in,FALSE,FALSE,FALSE,FALSE,INV: five,TRUE,TRUE,TRUE,TRUE
in,FALSE,FALSE,FALSE,TRUE,"CHI: I had eleven stitches altogether and I had a bandaid on it and I said +""/.",TRUE,TRUE,TRUE,TRUE
in,FALSE,TRUE,FALSE,FALSE,"CHI: +"" what happened ?",TRUE,TRUE,TRUE,TRUE
in,FALSE,FALSE,TRUE,TRUE,CHI: I couldn't hardly talk that day .,TRUE,TRUE,TRUE,TRUE
in,TRUE,TRUE,FALSE,FALSE,CHI: &-uh &-um and a month after that I was playing with my sister and she had knocked her teeth out right here on the coffee table .,TRUE,TRUE,TRUE,TRUE
in,FALSE,FALSE,FALSE,FALSE,CHI: oh: she had leaned up against my shoulder and blood running down it oh: .,TRUE,TRUE,TRUE,TRUE
in,FALSE,FALSE,FALSE,FALSE,"CHI: Daddy picked her up and blood run down him there and Daddy said +""/.",TRUE,TRUE,TRUE,TRUE
in,FALSE,FALSE,FALSE,TRUE,"CHI: +"" get that girl out of there and get her to the hospital !",TRUE,TRUE,TRUE,TRUE
in,FALSE,TRUE,FALSE,FALSE,CHI: so went to the hospital and went in Elyria_Memorial .,TRUE,TRUE,TRUE,TRUE
in,FALSE,FALSE,FALSE,FALSE,CHI: so she had stayed there for a week or two and they had brought her home laying in bed with her and two teeth were knocked out .,TRUE,TRUE,TRUE,TRUE
in,FALSE,FALSE,FALSE,TRUE,CHI: and daddy was sitting down there trying to figure out what we could get her .,TRUE,TRUE,TRUE,TRUE
in,FALSE,TRUE,FALSE,FALSE,"CHI: daddy was thinking +""/.",TRUE,TRUE,TRUE,TRUE
in,FALSE,FALSE,FALSE,TRUE,"CHI: +"" what about a fishing pole ?",TRUE,TRUE,TRUE,TRUE
in,FALSE,TRUE,FALSE,FALSE,"CHI: and I said +""/.",TRUE,TRUE,TRUE,TRUE
in,FALSE,FALSE,FALSE,FALSE,"CHI: +"" no we gotta think of something better than that .",TRUE,TRUE,TRUE,TRUE
in,FALSE,FALSE,FALSE,TRUE,CHI: and I thought a camera he couldn't even afford that eleven dollars for one .,TRUE,TRUE,TRUE,TRUE
in,FALSE,TRUE,FALSE,FALSE,CHI: he was just about to start work so he had finally remembered that she had wanted a dish at a +...,TRUE,TRUE,TRUE,TRUE
out,FALSE,FALSE,FALSE,FALSE,INV: a what ?,TRUE,TRUE,TRUE,TRUE
in,FALSE,FALSE,FALSE,TRUE,CHI: a dish at a [//] not a play but it is glass little Chinese set and Daddy bought her a Chinese set .,TRUE,TRUE,TRUE,TRUE
in,FALSE,TRUE,FALSE,FALSE,CHI: cost around five or six dollars .,TRUE,TRUE,TRUE,TRUE
out,FALSE,FALSE,FALSE,FALSE,INV: oh .,TRUE,TRUE,TRUE,TRUE
in,FALSE,FALSE,FALSE,TRUE,"CHI: so: I asked him what he was gonna get me and he said +""/.",TRUE,TRUE,TRUE,TRUE
in,FALSE,TRUE,FALSE,FALSE,"CHI: +"" didn't you get anything ?",TRUE,TRUE,TRUE,TRUE
in,FALSE,FALSE,FALSE,TRUE,"CHI: and I said +""/.",TRUE,TRUE,TRUE,TRUE
in,FALSE,TRUE,FALSE,FALSE,"CHI: +"" no !",TRUE,TRUE,TRUE,TRUE
in,FALSE,FALSE,FALSE,TRUE,"CHI: I said +""/.",TRUE,TRUE,TRUE,TRUE
in,FALSE,TRUE,FALSE,FALSE,"CHI: +"" you didn't get me anything when I cut my chin open .",TRUE,TRUE,TRUE,TRUE
in,FALSE,FALSE,FALSE,TRUE,"CHI: and he said +""/.",TRUE,TRUE,TRUE,TRUE
in,FALSE,TRUE,FALSE,FALSE,"CHI: +"" that ain't as bad as your sister .",TRUE,TRUE,TRUE,TRUE
in,FALSE,FALSE,FALSE,FALSE,"CHI: and I said +""/.",TRUE,TRUE,TRUE,TRUE
in,FALSE,FALSE,FALSE,TRUE,"CHI: +"" you don't care for me do you ?",TRUE,TRUE,TRUE,TRUE
in,FALSE,TRUE,FALSE,FALSE,"CHI: and he said +""/.",TRUE,TRUE,TRUE,TRUE
in,FALSE,FALSE,FALSE,TRUE,"CHI: +"" yeah I do .",TRUE,TRUE,TRUE,TRUE
in,FALSE,TRUE,FALSE,FALSE,"CHI: and I said +""/.",TRUE,TRUE,TRUE,TRUE
in,FALSE,FALSE,FALSE,TRUE,"CHI: +"" no you don't .",TRUE,TRUE,TRUE,TRUE
in,FALSE,TRUE,TRUE,FALSE,CHI: so we started fussing so I got mad at him and hit him in the mouth .,TRUE,TRUE,TRUE,TRUE
